country,1990,1991,1992,1993,1994,1995,1996,1997,1998,1999,2000,2001,2002,2003,2004,2005,2006,2007,2008,2009,2010,2011,2012,2013,2014,2015,2016,2017,2018,2019,2020,2021,2022,2023
Angola,506,501,488,489,480,461,456,448,430,434,428,429,429,446,434,393,423,447,472,505,487,486,531,512,447,518,463,457,405,417,398,418,423,
Albania,813,573,418,412,441,417,448,385,427,577,581,598,661,649,717,721,708,681,712,734,731,767,690,804,811,762,786,824,823,817,762,810,781,
UAE,10.7k,11.7k,10.6k,10.6k,11.2k,11.4k,11.3k,10.9k,10.4k,9840,8960,11.7k,10.9k,10.1k,9440,9540,9240,8930,9430,9490,8940,8560,8610,8860,9630,10.1k,10.4k,8520,8480,8820,8150,8670,8340,
Argentina,1350,1390,1410,1430,1530,1510,1530,1570,1650,1670,1640,1520,1480,1590,1740,1710,1780,1850,1890,1720,1830,1870,1900,1930,1910,1920,1890,1870,1810,1780,1620,1740,1810,
Armenia,2170,2250,1160,635,410,497,543,574,591,579,626,625,586,623,662,799,818,918,973,851,816,897,982,960,1050,1080,1040,1110,1070,1160,1230,1270,1350,
Antigua and Barbuda,1570,,,,,,,,,,,,,,1710,1720,1770,1790,,,,,,,,,,,,,,,,
Australia,5050,4930,4960,5170,5130,5140,5430,5500,5580,5640,5680,5490,5480,5620,5650,5620,5780,5850,5950,5840,5760,5700,5530,5530,5410,5320,5220,5320,5280,5300,5230,5070,4890,5080
Austria,3240,3420,3250,3260,3230,3370,3580,3550,3610,3590,3570,3760,3770,3960,3970,4080,4110,4010,4030,3820,4070,3930,3900,3920,3750,3800,3800,3840,3720,3770,3550,3730,3470,3320
Azerbaijan,3160,3090,2460,2180,1950,1810,1510,1440,1490,1370,1400,1410,1410,1480,1540,1600,1560,1460,1590,1390,1310,1400,1500,1500,1530,1510,1480,1480,1470,1590,1540,1630,1720,
Belgium,4800,5000,5040,4900,5190,5260,5530,5530,5620,5610,5660,5610,5400,5610,5620,5550,5450,5300,5430,5160,5510,5060,4820,5000,4700,4660,4900,4860,4660,4770,4360,4790,4330,4000
Benin,315,310,308,301,297,297,337,339,324,328,275,283,295,301,305,297,339,358,355,362,364,353,346,367,367,379,409,412,423,415,426,376,376,
Burkina Faso,173,174,174,176,173,173,162,162,161,120,123,139,140,145,149,152,160,167,169,171,228,236,249,258,265,279,272,285,300,302,264,303,313,
Bangladesh,114,110,114,117,121,129,128,131,132,135,136,148,148,153,154,160,168,174,180,188,196,200,208,219,224,238,256,261,258,273,272,292,297,
Bulgaria,3220,2590,2390,2590,2520,2750,2750,2510,2440,2230,2280,2420,2410,2490,2440,2600,2700,2670,2650,2340,2390,2590,2490,2320,2450,2570,2520,2630,2640,2630,2520,2760,2890,
Bahrain,10.6k,10.7k,11.5k,11.6k,12.1k,11.5k,11.6k,12.3k,12.6k,12.6k,12.8k,12.6k,12.2k,11.9k,11.3k,12k,11.6k,11.5k,11.6k,10.4k,10.3k,10.6k,10000,11.2k,10.3k,10.4k,9880,9440,9530,10.4k,10.8k,10.7k,10.7k,0
Bahamas,2340,,,,,,,,,,,,,,1950,2020,2030,2010,,,,,,,,,,,,,,,,
Bosnia and Herzegovina,1580,1420,1050,949,385,402,450,671,819,802,1040,1000,1050,1050,1160,1230,1300,1320,1510,1600,1700,1910,1820,1790,1680,1760,1950,1970,2210,2160,2150,2270,2270,
Belarus,4460,4340,3620,3080,2620,2430,2510,2510,2470,2420,2470,2500,2560,2650,2760,2780,2970,2930,2940,2790,2900,3080,3220,2870,2920,2660,2640,2690,2850,2750,2670,2930,2860,
Belize,580,,,,,,,,,,,,,,571,576,597,601,,,,,,,,,,,,,,,,
Bolivia,361,364,377,396,430,475,521,560,558,537,424,445,520,524,523,567,568,570,572,586,625,660,704,699,758,749,779,801,803,796,658,758,798,
Brazil,942,943,937,945,980,999,1040,1070,1080,1090,1080,1090,1100,1110,1160,1170,1200,1260,1310,1260,1380,1390,1430,1480,1520,1480,1410,1430,1400,1410,1380,1430,1430,1480
Barbados,1250,,,,,,,,,,,,,,1400,1450,1470,1480,,,,,,,,,,,,,,,,
Brunei,6770,7440,7780,7300,6600,7720,7590,7650,7450,7430,7310,6620,6340,7230,6510,6180,8640,8700,9380,7910,8260,9700,9450,7400,8530,6440,7010,8390,8300,9220,9180,8960,9540,
Bhutan,95,,,,,,,,,,,,,,277,308,315,360,,,,,,,,,,,,,,,,
Botswana,933,925,1040,1010,968,966,919,943,1040,1050,1070,1060,1060,1040,1080,1090,1100,1120,1160,1050,1130,1070,1200,1240,1330,1310,1250,1280,1340,1240,1120,1140,1170,
Canada,7640,7530,7610,7780,7970,7990,8070,8070,7960,8110,8220,8010,7940,8300,8370,8370,8420,8350,8090,7690,7650,7710,7630,7660,7770,7680,7940,8170,8160,8120,7490,7600,7630,7420
Switzerland,3620,3620,3610,3480,3480,3410,3460,3510,3540,3530,3470,3660,3540,3520,3510,3470,3600,3390,3480,3460,3320,3180,3170,3270,3030,2920,2810,2800,2800,2850,2690,2620,2590,2520
Chile,1040,1050,1120,1130,1190,1260,1380,1520,1560,1630,1620,1570,1610,1610,1700,1740,1790,1840,1800,1740,1800,1940,2120,2180,1950,1970,2070,2070,2070,2150,1950,2030,2120,1960
China,770,737,753,788,816,867,882,872,868,877,897,921,972,1100,1250,1370,1490,1590,1630,1730,1900,2020,2080,2130,2180,2170,2150,2210,2310,2400,2470,2630,2690,
Cote d'Ivoire,357,352,369,368,362,347,375,368,354,408,384,359,374,345,475,479,460,484,476,426,370,412,442,446,439,384,392,393,359,364,375,468,472,
Cameroon,440,431,423,426,428,424,423,427,427,419,426,420,430,435,437,429,385,353,346,364,356,363,369,375,395,403,400,393,392,387,387,385,384,
"Congo, Dem. Rep.",322,312,307,302,289,289,293,293,293,284,275,276,277,279,282,284,285,287,289,288,290,297,355,357,359,359,355,342,340,335,372,394,391,
"Congo, Rep.",331,336,322,315,264,293,268,251,246,236,226,243,239,275,283,294,370,316,328,359,376,484,540,554,536,552,561,548,552,583,587,588,628,
Colombia,751,745,757,773,789,786,789,753,765,676,668,656,634,638,632,653,679,666,692,715,701,710,681,882,885,887,911,859,816,887,810,873,776,782
Comoros,40.1,,,,,,,,,,,,,,58.5,62.4,69.4,66.5,,,,,,,,,,,,,,,,
Cape Verde,77.4,,,,,,,,,,,,,,186,204,208,208,,,,,,,,,,,,,,,,
Costa Rica,537,556,700,696,669,667,654,648,630,681,730,721,749,788,922,909,974,1010,1010,1000,999,993,1020,1060,1060,1020,1000,973,950,997,949,997,1010,967
Cuba,1640,1340,1170,972,998,994,1080,1110,1040,1070,1150,1120,1040,1030,1000,946,944,896,951,922,1000,970,990,940,958,978,960,923,880,866,854,815,816,
Cyprus,1740,1750,1950,2050,2290,1970,2150,2070,2170,2140,2260,2200,2190,2350,2160,2160,2210,2290,2400,2310,2190,2090,1940,1650,1660,1680,1760,1790,1770,1760,1640,1670,1680,
Czech Republic,4820,4390,4270,4130,3990,4040,4170,4210,4080,3810,4020,4140,4200,4390,4490,4430,4520,4490,4360,4080,4310,4140,4110,4110,3980,3980,3930,4090,4080,4000,3760,4060,3900,3530
Germany,4420,4300,4190,4120,4090,4120,4250,4200,4180,4080,4090,4210,4110,4100,4130,4110,4240,4020,4080,3820,4030,3890,3910,3990,3790,3780,3770,3760,3660,3570,3350,3470,3240,2950
Djibouti,224,,,,,,,,,,,,,,161,166,167,164,,,,,,,,,,,,,,,,
Dominica,304,,,,,,,,,,,,,,568,597,610,625,,,,,,,,,,,,,,,,
Denmark,3380,3740,3560,3650,3760,3710,4170,3850,3770,3600,3490,3590,3540,3730,3600,3480,3730,3630,3500,3360,3500,3220,3070,3080,2880,2850,2890,2900,2870,2760,2640,2760,2630,2480
Dominican Republic,561,554,602,572,645,665,681,747,781,798,856,820,882,784,749,772,793,812,773,744,773,780,791,762,746,798,843,824,861,939,843,939,950,
Algeria,874,903,902,884,833,852,809,813,828,872,874,863,911,956,954,979,1030,1080,1070,1150,1150,1170,1260,1270,1360,1410,1370,1380,1440,1460,1370,1450,1500,
Ecuador,604,622,616,563,591,679,702,715,722,638,639,669,709,770,786,838,811,875,763,830,867,891,872,912,983,937,886,898,870,904,785,886,905,
Egypt,575,560,560,568,535,558,579,590,616,614,570,634,636,647,692,779,806,844,859,862,838,860,867,824,833,809,872,896,871,845,805,886,900,
Eritrea,,,488,496,496,493,492,484,311,317,315,323,300,331,269,264,245,244,239,245,249,259,262,261,266,272,277,278,283,285,285,287,290,
Spain,2320,2400,2430,2320,2440,2540,2490,2630,2760,2880,2990,3050,3100,3150,3230,3240,3190,3170,3020,2750,2740,2680,2680,2510,2460,2550,2560,2690,2670,2570,2300,2420,2410,2300
Estonia,6820,6340,4200,3640,4110,3920,4150,4070,3790,3540,3380,3590,3380,3680,3950,4020,4010,4690,4140,3360,4420,4310,3980,4440,4230,3700,4580,4440,4360,3660,3370,3430,3560,2880
Ethiopia,368,367,361,363,364,365,365,364,364,363,364,367,367,368,368,365,366,368,369,369,368,371,372,376,380,380,384,382,385,386,381,374,378,
Finland,5690,5740,5380,5620,5970,5660,6070,6280,6320,6280,6260,6410,6720,7070,7130,6560,7110,6970,6650,6260,6810,6520,6270,6140,6250,5920,6120,6070,6170,6020,5740,5990,5680,5870
Fiji,370,,,,,,,,,,,,,,762,655,628,584,,,,,,,,,,,,,,,,
France,3840,4040,3950,4000,3830,3980,4190,4040,4150,4120,4130,4240,4220,4300,4330,4310,4210,4140,4140,3940,4040,3950,3930,3920,3750,3800,3720,3700,3670,3600,3220,3470,3100,3140
Gabon,1200,1210,1260,1290,1120,1190,1210,1200,1240,1180,1150,1210,1420,1620,1830,2070,2260,2420,2580,2730,2960,2300,1960,2770,2600,2550,2490,2260,2290,2210,2140,2100,2100,
UK,3600,3710,3680,3710,3730,3730,3880,3760,3790,3780,3790,3790,3720,3760,3700,3690,3600,3440,3370,3140,3240,2970,3030,2960,2770,2770,2700,2660,2630,2510,2310,2370,2260,2150
Georgia,2590,2080,1780,1550,969,800,834,756,716,669,704,640,639,685,708,728,781,866,781,812,825,944,994,1120,1190,1260,1300,1310,1300,1370,1330,1430,1540,
Ghana,344,347,350,358,364,372,376,384,396,401,322,313,304,281,270,262,275,264,275,274,296,303,329,324,321,329,328,322,350,354,367,362,359,
Gibraltar,2120,2810,3410,3430,3920,3830,3890,4020,4230,4400,4610,4700,4770,4770,5090,5140,5300,5200,5220,5550,5540,5300,5370,5610,5920,6360,6580,6890,7190,7480,6820,6720,6520,
Gambia,58.6,,,,,,,,,,,,,,66.6,64.8,66.5,75.3,,,,,,,,,,,,,,,,
Guinea-Bissau,76.7,,,,,,,,,,,,,,63.7,63,63.6,65.5,,,,,,,,,,,,,,,,
Equatorial Guinea,280,272,262,258,252,246,255,278,289,298,343,346,451,454,1540,1460,1360,1450,1400,1380,1350,1450,1430,1670,1480,1330,1510,1290,1410,1270,1120,1300,1280,
Greece,2100,2090,2130,2090,2140,2150,2210,2280,2390,2390,2510,2580,2600,2670,2720,2760,2750,2740,2750,2650,2490,2410,2410,2130,2130,2150,2110,2150,2090,2060,1840,1920,1960,1870
Grenada,425,,,,,,,,,,,,,,677,720,735,733,,,,,,,,,,,,,,,,
Guatemala,489,489,503,488,501,516,517,528,559,601,616,618,692,690,696,697,687,720,687,721,714,714,734,739,756,787,834,818,834,852,824,924,888,
Guyana,510,,,,,,,,,,,,,,628,651,659,661,,,,,,,,,,,,,,,,
"Hong Kong, China",1640,1700,1990,1820,1860,1780,1700,1590,2010,2390,2120,2080,1930,2030,1820,1860,1900,2050,1990,2040,1920,2040,1940,1910,1900,2030,2080,1870,1920,1880,1660,1670,1570,
Honduras,478,469,475,472,476,492,480,510,533,470,456,479,489,517,547,529,564,590,586,566,562,607,611,614,604,659,616,538,565,584,545,570,573,
Croatia,1980,1720,1610,1640,1580,1640,1800,1850,1860,1930,1880,2030,2080,2230,2230,2260,2250,2340,2280,2200,2180,2140,2020,1990,1910,2020,2060,2160,2130,2170,2100,2210,2150,
Haiti,351,344,337,329,306,338,344,358,353,355,368,355,361,357,358,363,368,370,369,377,389,402,409,415,400,400,409,411,420,410,398,406,378,
Hungary,2770,2640,2420,2480,2410,2500,2570,2530,2500,2490,2450,2510,2520,2580,2580,2780,2760,2710,2680,2550,2650,2600,2490,2420,2420,2560,2600,2720,2720,2730,2690,2830,2660,2490
Indonesia,461,477,490,534,524,575,587,595,568,587,586,591,606,597,635,637,644,629,633,675,700,713,705,679,702,692,709,739,813,850,810,825,936,
India,324,332,336,339,348,362,368,376,378,393,395,393,397,400,415,425,442,461,482,509,532,547,571,577,610,621,625,648,672,666,625,675,712,
Ireland,2820,2830,2780,2810,2940,2950,3120,3260,3420,3540,3630,3710,3660,3520,3560,3510,3430,3410,3310,3170,3150,2870,2860,2800,2730,2820,2940,2860,2840,2770,2660,2730,2620,2460
Iran,1190,1280,1320,1420,1570,1630,1550,1720,1720,1930,1850,1980,2030,2070,2210,2400,2460,2560,2710,2670,2640,2660,2740,2760,2880,2740,2860,3030,2910,3190,3250,3340,3270,
Iraq,1140,898,1300,1560,1690,1580,1480,1730,1270,959,1090,1180,1090,940,980,949,916,909,962,996,1060,1130,1190,1180,1080,998,1080,1190,1290,1320,1140,1280,1410,
Iceland,9060,8190,7920,8380,8450,8410,8990,8780,9290,10.4k,11.4k,10.9k,11.2k,11.1k,10.9k,10.9k,13.2k,15.2k,17.3k,17.9k,17k,18.2k,17.6k,18.2k,17.9k,16.9k,15.7k,16.2k,17.3k,16.7k,16.1k,15.8k,15.9k,15.9k
Israel,2460,2320,2580,2630,2740,2800,2800,2880,2890,2740,2900,2970,2860,2950,2820,2660,2880,2900,3130,2870,3040,2980,2970,2660,2530,2610,2570,2480,2490,2410,2450,2430,2500,2460
Italy,2580,2650,2630,2610,2580,2800,2800,2830,2910,2960,3010,3020,3040,3170,3170,3220,3180,3150,3090,2870,2930,2830,2710,2580,2410,2510,2490,2530,2490,2490,2310,2530,2410,2320
Jamaica,1100,1090,1140,1130,1140,1200,1260,1240,1290,1310,1340,1360,1290,1340,1340,1300,1470,1480,1180,943,875,924,889,930,903,903,999,920,1030,1080,795,881,969,
Jordan,904,864,921,866,885,905,898,893,903,881,903,876,901,901,1060,1110,1070,1060,1010,1040,973,944,1030,967,930,903,888,917,869,812,755,725,754,
Japan,3540,3560,3630,3640,3820,3920,3990,4020,3940,3990,4070,3990,3990,3960,4090,4070,4060,4020,3870,3710,3900,3620,3540,3570,3450,3400,3370,3390,3340,3260,3050,3200,3140,3040
Kazakhstan,4280,4340,4550,3800,3410,3120,2760,2460,2510,2320,2300,2220,2540,2740,3200,3190,3760,4070,4250,3820,4110,4530,4270,4650,3670,3050,3390,3400,3810,3750,3390,3530,3560,
Kenya,473,466,462,458,450,458,462,454,460,457,460,452,445,435,449,453,459,455,455,469,468,471,461,470,496,529,532,537,545,542,533,538,540,544
Kyrgyz Republic,1700,1520,1100,857,619,523,596,552,579,498,473,436,485,511,498,499,485,561,594,535,504,597,731,674,692,659,624,610,707,610,562,596,645,
Cambodia,,,,,,282,270,259,268,271,273,276,272,276,279,286,290,298,296,311,323,325,334,338,360,380,413,419,441,489,516,501,502,
Kiribati,95,,,,,,,,,,,,,,83.3,81.6,100,108,,,,,,,,,,,,,,,,
St. Kitts and Nevis,534,,,,,,,,,,,,,,1640,1700,1700,1780,,,,,,,,,,,,,,,,
South Korea,2090,2260,2550,2820,2970,3230,3460,3680,3370,3670,3950,3920,4090,4140,4260,4320,4340,4490,4510,4560,4920,5110,5120,5110,5140,5240,5390,5470,5530,5330,5200,5510,5410,5350
Kosovo,,,,,,,,,,,857,1040,1040,1090,1100,1070,1080,1130,1230,1360,1390,1410,1310,1300,1220,,,,,,,,,
Kuwait,5360,1940,5350,7320,8630,8750,8370,8180,9030,9400,9490,9860,9710,10.2k,11k,12k,10.5k,9520,10.6k,10.5k,11.3k,10.5k,10.4k,9780,8680,9730,9680,9530,9770,8350,8870,8570,9130,
Lao,,,,,,,,,,,297,305,309,314,319,325,349,377,407,420,425,424,431,446,458,602,754,812,806,783,702,727,815,
Lebanon,543,659,654,922,992,1120,1160,1280,1240,1270,1140,1200,1180,1160,1150,1080,986,824,1060,1340,1270,1260,1380,1240,1190,1280,1360,1480,1430,1490,1250,973,617,
Libya,2510,2490,2430,2470,2740,2850,2940,2930,2970,2850,2980,3070,3090,3030,3050,3110,2730,2360,2580,2780,3130,2630,3100,2750,3550,3230,3120,3490,3060,3410,1690,2370,2540,
St. Lucia,406,,,,,,,,,,,,,,731,743,714,763,,,,,,,,,,,,,,,,
Sri Lanka,337,340,343,356,337,342,375,382,381,399,432,411,414,435,438,445,446,452,437,441,467,472,482,457,486,501,543,514,508,523,511,527,474,
Lesotho,,,,,,,,,,,,,,,14.2,16.9,9.77,9.73,,,,,,,,,,,,,,,,
Lithuania,4340,4600,2980,2470,2220,2400,2610,2490,2640,2260,2040,2390,2580,2710,2780,2670,2670,2930,2980,2770,2280,2410,2470,2360,2380,2430,2510,2670,2730,2720,2670,2760,2430,2340
Luxembourg,8870,9350,9260,9270,8820,7710,7710,7410,7070,7270,7680,7990,8210,8550,9380,9430,9170,8780,8630,7960,8340,8060,7720,7320,6880,6550,6340,6310,6410,6380,5440,5630,4880,4660
Latvia,2960,2800,2340,2060,1890,1850,1840,1820,1800,1660,1620,1760,1760,1890,1960,2020,2110,2180,2110,2060,2150,2070,2170,2160,2180,2160,2170,2270,2400,2340,2250,2380,2250,2370
Morocco,313,323,336,344,362,354,366,372,373,391,388,405,407,400,464,485,487,495,508,505,526,559,560,554,556,564,558,578,577,615,576,616,603,
Moldova,3320,2770,2300,2050,1720,1600,1380,1320,1220,1060,986,1050,1060,1160,1170,1220,1200,1170,1170,1110,1300,1320,1320,1180,1280,1310,1360,1400,1500,1500,1460,1610,1420,
Madagascar,225,227,227,229,210,244,247,249,252,256,256,254,236,247,250,251,251,254,259,254,255,259,265,268,271,275,293,299,293,314,302,309,309,
Maldives,226,,,,,,,,,,,,,,829,734,918,921,,,,,,,,,,,,,,,,
Mexico,1490,1540,1520,1520,1530,1450,1460,1510,1520,1540,1530,1550,1550,1630,1640,1710,1710,1680,1670,1610,1570,1620,1640,1620,1570,1530,1510,1460,1480,1460,1350,1400,1420,1400
Marshall Islands,,,,,,,,,,,,,,,560,559,577,615,,,,,,,,,,,,,,,,
North Macedonia,1200,1180,1330,1380,1240,1250,1470,1350,1440,1340,1320,1270,1250,1380,1360,1450,1490,1550,1540,1440,1480,1620,1550,1440,1400,1390,1410,1440,1370,1500,1390,1460,1480,
Malta,1960,1850,1810,2290,2060,1880,1840,2050,1790,1940,1730,2000,1850,2070,2070,2100,2100,2130,2150,1950,2020,2000,2100,1820,1790,1450,1310,1450,1410,1440,1340,1360,1460,
Myanmar,268,260,264,259,272,277,274,276,280,278,284,274,281,301,315,313,314,323,309,291,278,280,304,317,345,353,376,429,429,426,420,404,400,
Montenegro,,,,,,,,,,,,,,,,1660,1840,1830,1970,1560,1820,1810,1700,1580,1540,1610,1560,1630,1690,1750,1640,1750,1690,
Mongolia,1630,1750,1530,1430,1220,1190,985,950,944,932,979,971,1030,988,1010,1150,1300,1340,1330,1350,1410,1520,1560,1750,1760,1520,1590,1600,1770,2020,1770,1920,1890,
Mozambique,444,433,430,425,402,389,385,387,383,384,396,407,409,421,426,424,429,338,339,359,318,371,365,381,383,385,381,372,366,360,343,353,359,
Mauritius,629,634,658,679,658,697,702,713,750,776,851,887,873,909,920,946,1010,1010,1030,1000,1050,1050,1070,1090,1100,1140,1140,1160,1140,1160,1030,1070,1100,
Malaysia,1190,1430,1540,1630,1580,1670,1800,2050,1900,1880,2100,2140,2150,2250,2370,2520,2470,2580,2680,2480,2530,2590,2590,2870,2880,2710,2760,2620,2840,2880,2720,2790,2870,
Namibia,0,484,497,518,539,573,598,595,602,583,576,664,602,619,659,702,693,697,758,776,653,657,667,672,691,717,759,715,733,718,678,681,692,
Niger,175,173,171,173,172,171,173,207,206,203,128,127,127,128,129,126,125,126,127,130,135,113,128,155,152,149,147,144,146,148,148,152,162,
Nigeria,287,299,307,300,263,257,268,278,269,272,274,283,284,297,286,305,288,282,287,260,335,376,357,351,349,320,331,316,300,330,323,334,333,
Nicaragua,485,501,506,487,465,486,486,500,496,495,500,498,493,505,526,528,539,540,534,523,529,531,567,576,587,612,627,632,617,616,584,601,608,
Netherlands,4490,4620,4550,4620,4610,4730,4950,4790,4790,4690,4700,4780,4800,4960,4990,4890,4840,4810,4760,4670,4980,4610,4600,4490,4220,4000,4210,4130,3880,4130,3980,4050,3580,3400
Curaçao,10k,10.1k,10.5k,8850,9000,9060,9220,16.2k,18.8k,14.7k,15.7k,16.8k,16.5k,15.4k,15.9k,14.9k,14.2k,15.7k,14.9k,15.4k,13.4k,14.3k,14.6k,13.6k,14.9k,15.2k,12.9k,10.6k,9500,5970,5100,5500,5770,
Norway,4970,5110,5160,5460,5320,5390,5200,5480,5680,5910,5830,5950,5500,5930,6230,6320,6320,5860,6410,6200,6460,5500,5810,6050,5530,4930,5370,5670,5540,5220,5150,5300,4630,4650
Nepal,297,298,297,297,300,302,302,306,307,318,330,336,334,339,340,347,344,348,357,365,373,385,369,414,431,426,458,484,505,483,525,524,520,
New Zealand,3890,3790,3840,4000,4090,4080,4170,4290,4170,4310,4420,4400,4320,4170,4220,4070,4020,4040,4060,4040,4140,4100,4300,4320,4460,4420,4270,4200,4140,4170,3860,3900,3730,3640
Oman,2390,3060,2760,2960,2890,2880,2890,3060,3040,3130,3290,3300,3470,3570,3660,4030,6140,6890,5930,5910,6740,7160,6700,6350,6080,6030,5560,5770,5540,5100,5700,5930,5870,
Pakistan,371,367,380,388,393,398,404,403,399,411,412,408,404,413,432,436,444,457,438,433,429,423,420,422,433,437,447,456,454,432,454,465,471,
Panama,602,639,714,710,732,728,763,777,884,854,791,887,791,774,756,839,875,858,807,872,948,1040,1050,1000,1040,1020,1050,1040,1030,1160,936,1030,1060,
Peru,442,425,405,423,430,451,455,433,495,513,506,483,478,465,500,525,503,532,582,583,603,688,732,698,729,743,764,762,784,798,667,775,827,
Philippines,424,431,444,411,446,459,463,477,483,483,487,454,451,443,430,434,423,426,439,421,431,428,437,443,466,499,521,544,554,552,518,531,551,
Palau,4810,,,,,,,,,,,,,,,,,,,,,,,,,,,,,,,,,
Poland,2710,2640,2570,2630,2500,2580,2680,2640,2460,2400,2320,2340,2310,2380,2380,2410,2540,2530,2560,2460,2640,2650,2560,2570,2470,2500,2610,2730,2870,2760,2680,2920,2800,2660
North Korea,1570,1480,1270,1150,1040,970,844,797,737,783,833,855,817,831,845,875,879,743,814,778,752,563,550,440,471,373,409,769,701,764,727,619,641,
Portugal,1680,1700,1810,1790,1830,2010,1990,2080,2240,2390,2390,2390,2480,2400,2460,2520,2390,2400,2340,2300,2220,2160,2040,2060,2040,2120,2110,2210,2140,2120,1960,1940,1950,1850
Paraguay,761,766,743,752,802,856,855,910,880,824,757,757,740,747,745,728,742,749,795,804,846,846,839,835,860,925,1070,1120,1130,1110,1060,1090,1040,
Qatar,14.8k,15.9k,16.1k,16.2k,15.8k,15.9k,16.4k,18.5k,18.4k,18.5k,16.9k,17.8k,19.2k,19k,21.6k,20.2k,20.1k,18.3k,15.9k,15.1k,16.8k,16.5k,21.5k,20.6k,17.8k,16.4k,15.2k,16.7k,16.1k,15.8k,14.9k,17.1k,16.7k,
Romania,2670,2220,2020,2010,1900,2050,2120,1990,1830,1610,1620,1670,1760,1840,1800,1810,1880,1900,1930,1710,1720,1770,1740,1590,1580,1600,1600,1690,1720,1710,1670,1790,1660,
Russia,5940,5870,5360,5060,4430,4290,4250,4070,3980,4140,4220,4290,4290,4460,4490,4540,4690,4710,4820,4530,4850,5000,5060,4900,4890,4790,4920,5000,5260,5070,5040,5680,5600,
Rwanda,815,753,682,619,767,1050,919,920,495,514,406,406,408,396,387,352,351,348,347,350,349,350,354,355,352,350,348,352,356,357,358,366,373,
Saudi Arabia,5450,6050,6580,6540,6590,6320,6490,6020,6170,6050,6520,6350,6830,6630,6380,6450,6610,6700,6980,7130,7970,7980,7860,7400,7960,7790,7520,7710,7650,7670,7170,7470,7530,
Sudan,483,472,462,439,496,486,486,486,479,518,487,494,518,491,481,486,508,478,473,482,445,467,391,474,476,463,448,443,435,435,422,426,412,
Senegal,218,211,218,211,204,211,211,218,225,232,241,254,250,236,247,246,242,254,259,305,313,317,302,271,285,297,287,278,274,299,281,294,316,
Singapore,3780,4170,4590,5490,6460,5350,5360,5820,5080,4590,4630,5150,5070,6220,7370,4930,5130,4540,4960,5190,4760,4140,4690,5190,5610,5830,5950,6310,5800,6070,6030,6500,6630,
Solomon Islands,161,,,,,,,,,,,,,,122,120,120,128,,,,,,,,,,,,,,,,
El Salvador,457,494,507,527,553,583,553,608,622,641,537,568,582,622,628,644,687,695,702,689,697,693,701,660,649,674,687,675,695,735,670,722,769,
Serbia,2470,2180,2010,1710,1570,1780,2140,2270,2270,1660,1800,1970,2100,2210,2420,2150,2290,2240,2290,2070,2150,2240,2020,2080,1860,2080,2170,2230,2200,2200,2290,2360,2440,
South Sudan,,,,,,,,,,,,,,,,,,,,,,,59.3,60.5,62.1,76.4,70.8,70,76.6,75.7,72.1,72.7,69,
Sao Tome and Principe,191,,,,,,,,,,,,,,241,266,266,259,,,,,,,,,,,,,,,,
Suriname,,,,,,,,,,,1280,1350,963,1000,1090,1230,1170,1120,1180,1160,1350,1680,1410,1710,1790,1580,1730,1610,1520,1730,1690,1700,1740,
Slovak Republic,4020,3610,3410,3330,3260,3320,3360,3360,3260,3270,3290,3460,3480,3470,3420,3500,3470,3320,3410,3110,3440,3340,3220,3260,3010,3130,3160,3320,3270,3130,3030,3300,3090,3200
Slovenia,2860,2780,2580,2720,2830,3050,3180,3310,3250,3240,3280,3480,3480,3540,3640,3760,3740,3760,3950,3510,3590,3580,3430,3340,3240,3190,3290,3380,3330,3260,3070,3140,3040,2880
Sweden,5510,5650,5370,5330,5660,5700,5820,5680,5780,5680,5380,5700,5830,5680,5870,5710,5530,5460,5380,4890,5440,5280,5300,5180,5000,4580,4860,4930,4970,4780,4290,4560,4330,4250
Eswatini,1170,1080,1000,905,1010,992,896,951,953,968,914,896,895,878,856,859,900,903,889,995,836,1000,996,1020,1010,1050,1040,997,990,1020,991,951,959,
Seychelles,541,,,,,,,,,,,,,,3100,2750,2870,2410,,,,,,,,,,,,,,,,
Syria,832,878,815,795,805,828,850,900,977,949,928,929,942,925,943,1110,1100,1080,1070,978,964,904,704,559,618,561,530,596,557,554,510,492,455,
Chad,297,283,281,295,287,280,278,259,256,248,242,242,240,238,224,229,224,219,217,224,219,209,229,227,221,217,213,204,201,190,193,196,199,
Togo,316,314,309,313,352,355,384,366,381,423,411,399,403,415,409,406,394,398,402,476,463,453,440,417,424,401,423,404,411,414,425,423,425,
Thailand,774,825,866,899,979,1050,1160,1170,1080,1140,1150,1170,1290,1380,1480,1510,1530,1570,1600,1580,1720,1700,1820,1940,1930,1930,1990,1980,1940,1980,1870,1830,1860,
Tajikistan,983,915,733,567,427,374,354,349,364,361,342,331,326,326,345,338,342,358,334,285,284,279,295,288,302,319,327,329,348,371,375,368,375,
Turkmenistan,4640,3930,2630,2600,3230,3270,2810,2760,2840,3300,3250,2700,2210,3010,3710,3550,3600,3510,4240,3650,4080,4320,4230,3950,3760,3720,3590,3560,3430,3470,3400,5130,5630,
Timor-Leste,,,,,,,,,,,,,,,62.4,61.2,60.4,60.7,,,,,,,,,,,,,,,,
Tonga,254,,,,,,,,,,,,,,542,539,536,543,,,,,,,,,,,,,,,,
Trinidad and Tobago,4780,4720,5150,4760,4800,4620,5650,5810,6250,7070,7580,8340,8990,10.1k,10.3k,12.4k,13.8k,14.7k,14.2k,14.2k,15k,14.8k,14.5k,14.3k,14.6k,14k,12.3k,12.3k,12.4k,12.5k,10.7k,11.2k,11k,
Tunisia,594,576,628,599,636,634,653,664,715,730,748,781,784,797,833,811,846,866,894,860,956,903,930,936,940,953,955,974,973,951,897,964,956,
Turkey,918,887,911,955,927,998,1070,1110,1110,1080,1170,1060,1110,1160,1180,1210,1330,1430,1390,1360,1450,1520,1570,1510,1540,1650,1720,1830,1770,1770,1760,1890,1840,1850
Tanzania,297,297,296,307,354,362,360,357,370,383,394,397,406,411,415,426,429,419,415,415,421,433,425,432,415,420,416,406,403,415,406,404,405,
Uganda,402,403,403,399,396,398,401,400,396,390,387,386,387,388,389,392,394,397,403,415,421,429,436,449,456,471,474,469,469,455,475,483,483,
Ukraine,4840,4840,4200,3720,3180,3170,2930,2830,2690,2700,2700,2730,2790,2910,2960,2960,2870,2960,2880,2450,2850,2730,2650,2520,2300,2030,2010,1970,2070,1990,1930,1990,1490,
Uruguay,725,782,859,796,757,805,884,894,915,995,949,832,772,775,885,917,990,986,1270,1250,1230,1330,1410,1380,1400,1490,1550,1510,1560,1540,1530,1640,1630,
USA,7670,7630,7680,7710,7760,7760,7840,7830,7800,7920,8060,7820,7840,7790,7880,7840,7690,7760,7480,7050,7160,7010,6830,6900,6930,6810,6690,6620,6770,6740,6140,6440,6520,6430
Uzbekistan,2320,2290,2100,2130,2060,1710,1740,1750,1790,1840,1870,1860,1910,1820,1780,1660,1700,1630,1660,1490,1590,1600,1390,1350,1240,1170,1210,1250,1270,1290,1350,1470,1380,
St. Vincent and the Grenadines,263,,,,,,,,,,,,,,585,596,625,628,,,,,,,,,,,,,,,,
Venezuela,2000,2040,2230,2030,2300,2110,2200,2150,2220,2400,2390,2190,2650,2430,2310,2370,2380,2390,2350,2230,2620,2310,2310,2530,2170,2090,1900,1800,1380,1400,1100,1320,1480,
Vietnam,273,271,277,295,290,304,316,336,353,358,372,393,425,441,485,509,515,545,572,615,670,664,664,675,746,679,739,757,886,987,991,962,1020,
Vanuatu,157,,,,,,,,,,,,,,146,142,144,158,,,,,,,,,,,,,,,,
Samoa,256,,,,,,,,,,,,,,301,305,304,307,,,,,,,,,,,,,,,,
Yemen,181,212,223,186,187,204,202,207,215,235,242,260,245,264,280,289,300,284,290,311,292,240,211,282,260,120,83.4,72,93.9,92.7,77.6,71.3,68.9,
South Africa,2200,2210,2070,2160,2230,2320,2360,2380,2400,2330,2250,2160,2050,2280,2460,2350,2380,2560,2720,2720,2500,2520,2380,2320,2420,2240,2300,2270,2170,2220,2010,2030,1980,
Zambia,698,700,695,679,668,663,642,652,642,629,596,596,604,611,612,608,604,597,617,620,629,646,662,672,683,687,684,703,726,742,759,770,801,
Zimbabwe,917,947,951,897,889,897,878,853,856,899,556,540,520,477,449,479,494,473,416,418,420,445,455,463,460,454,423,416,445,412,374,406,417,
